{"home_team_encoded": 0.048190166457760406, "away_team_encoded": 0.04816622463802609, "home_position": 0.04412482998745539, "away_position": 0.04665757092466415, "average_home_goals": 0.07058443828032361, "average_away_goals": 0.06874413321447247, "home_win_rate": 0.05332738764184842, "away_win_rate": 0.04454309792235708, "home_form_points": 0.03405041900158864, "away_form_points": 0.03102968862582232, "home_form_goaldiff": 0.04537799451226476, "away_form_goaldiff": 0.04279283996764664, "form_diff": 0.04832170268285137, "goal_avg_diff": 0.07292103751163324, "form_curve_diff": 0.054667818086294236, "elo_home": 0.0767894205567286, "elo_away": 0.07805836407529669, "elo_diff": 0.09165286591296574}