{"home_team_encoded": 0.0491253902527818, "away_team_encoded": 0.04856529359975019, "home_position": 0.04449114994473719, "away_position": 0.04643762011130069, "average_home_goals": 0.06994781277639633, "average_away_goals": 0.06273125639897542, "home_win_rate": 0.05027324723358392, "away_win_rate": 0.04080155211166721, "home_form_points": 0.03325458769121028, "away_form_points": 0.033705441360954554, "home_form_goaldiff": 0.048048792903523055, "away_form_goaldiff": 0.04185044575559585, "form_diff": 0.048708531475156, "goal_avg_diff": 0.07007287667452444, "form_curve_diff": 0.05786059024086142, "elo_home": 0.08155634472692745, "elo_away": 0.07645346859482757, "elo_diff": 0.09611559814722676}