{"home_team_encoded": 0.05206432566046715, "away_team_encoded": 0.041706930845975876, "home_position": 0.047321610152721405, "away_position": 0.04964563623070717, "average_home_goals": 0.059568483382463455, "average_away_goals": 0.0684589073061943, "home_win_rate": 0.057109151035547256, "away_win_rate": 0.04596894979476929, "home_form_points": 0.05743125453591347, "away_form_points": 0.03776688501238823, "home_form_goaldiff": 0.05321666970849037, "away_form_goaldiff": 0.04835930094122887, "form_diff": 0.04719924181699753, "goal_avg_diff": 0.06494662910699844, "form_curve_diff": 0.04780779033899307, "elo_home": 0.053766462951898575, "elo_away": 0.05523524060845375, "elo_diff": 0.11242656409740448}