{"home_team_encoded": 0.049475040286779404, "away_team_encoded": 0.03994136303663254, "home_position": 0.04959603026509285, "away_position": 0.060404837131500244, "average_home_goals": 0.05986301600933075, "average_away_goals": 0.05093228444457054, "home_win_rate": 0.05392459034919739, "away_win_rate": 0.056900035589933395, "home_form_points": 0.07045112550258636, "away_form_points": 0.0427669882774353, "home_form_goaldiff": 0.04569615423679352, "away_form_goaldiff": 0.048991743475198746, "form_diff": 0.05561909079551697, "goal_avg_diff": 0.06106633320450783, "form_curve_diff": 0.054053839296102524, "elo_home": 0.05368412658572197, "elo_away": 0.04791472479701042, "elo_diff": 0.09871866554021835}