{"home_team_encoded": 0.05070211738348007, "away_team_encoded": 0.051110316067934036, "home_position": 0.042181286960840225, "away_position": 0.049107518047094345, "average_home_goals": 0.06283912062644958, "average_away_goals": 0.052881721407175064, "home_win_rate": 0.04416891187429428, "away_win_rate": 0.045236606150865555, "home_form_points": 0.05478408932685852, "away_form_points": 0.04771857336163521, "home_form_goaldiff": 0.04477768763899803, "away_form_goaldiff": 0.05197615176439285, "form_diff": 0.0561002716422081, "goal_avg_diff": 0.06122468039393425, "form_curve_diff": 0.059817906469106674, "elo_home": 0.05337667837738991, "elo_away": 0.05684313550591469, "elo_diff": 0.11515320092439651}