{"home_team_encoded": 0.0622633621096611, "away_team_encoded": 0.05288909748196602, "home_position": 0.0519230030477047, "away_position": 0.053987618535757065, "average_home_goals": 0.05383649840950966, "average_away_goals": 0.05536632239818573, "home_win_rate": 0.0, "away_win_rate": 0.0, "home_form_points": 0.04792175814509392, "away_form_points": 0.04729552939534187, "home_form_goaldiff": 0.05590580776333809, "away_form_goaldiff": 0.057210057973861694, "form_diff": 0.059757135808467865, "goal_avg_diff": 0.08532209694385529, "form_curve_diff": 0.05905355140566826, "elo_home": 0.06639102846384048, "elo_away": 0.05584347993135452, "elo_diff": 0.13503365218639374}